tiempo_s,campo_fit_Apm,magnetizacion_fit_Apm_seno,magnetizacion_fit_Apm_ecdif
0.0,-38429.633755617404,-434.8206435399265,-392.85338776914944
1e-08,-38426.24701545793,-435.2221085192763,-392.9940531631529
2e-08,-38420.0471569851,-435.59171167402377,-393.12411030046604
3e-08,-38411.03463380888,-435.9294259623143,-393.24360490467785
4e-08,-38399.21010532662,-436.2352266754283,-393.35257914821636
5e-08,-38384.57443667483,-436.509091439589,-393.45107160232027
6e-08,-38367.128698665874,-436.7510002175996,-393.53911727751887
7e-08,-38346.87416770958,-436.96093531030925,-393.6167473762216
8e-08,-38323.81232571997,-437.1388813579078,-393.68398939743355
9e-08,-38297.944860006704,-437.2848253410498,-393.7408674562934
1e-07,-38269.2736631517,-437.3987565818069,-393.787402153034
1.1e-07,-38237.80083287066,-437.4806667444492,-393.8236106018837
1.2e-07,-38203.52867185957,-437.5305498360553,-393.84950631107796
1.3e-07,-38166.459687626244,-437.5484022069502,-393.86509897653065
1.4e-07,-38126.596592306865,-437.534222550973,-393.870394990269
1.5e-07,-38083.94230246752,-437.48801190557225,-393.8653972717747
1.6e-07,-38038.49993889084,-437.4097736517296,-393.8501052739306
1.7e-07,-37990.272826347675,-437.299513513713,-393.82451494073143
1.8e-07,-37939.26449335382,-437.1572395586578,-393.78861835302723
1.9e-07,-37885.47867191186,-436.9829621959762,-393.74240421994426
2e-07,-37828.91929723812,-436.776694176596,-393.6858577904186
2.1e-07,-37769.590507474735,-436.53845059202735,-393.61896081044387
2.2e-07,-37707.496643386905,-436.268248873259,-393.54169134195513
2.3e-07,-37642.6422480453,-435.9661087894826,-393.4540242123022
2.4e-07,-37575.03206649365,-435.6320524466464,-393.3559298449097
2.5e-07,-37504.6710454016,-435.2661042858382,-393.24737558588396
2.6e-07,-37431.56433270278,-434.8682910814964,-393.1283251656024
2.7e-07,-37355.71727721814,-434.43864193945194,-392.9987386987136
2.8e-07,-37277.135428264635,-433.97718829479805,-392.85857224191915
2.9e-07,-37195.8245352492,-433.4839639095907,-392.70777790427474
3e-07,-37111.7905472481,-432.9590048703784,-392.5463045043391
3.1e-07,-37025.03961257165,-432.4023495855618,-392.3740971910837
3.2e-07,-36935.5780783144,-431.8140387825835,-392.19109744330973
3.3e-07,-36843.41248989076,-431.19411550494874,-391.99724306964765
3.4e-07,-36748.54959055606,-430.5426251090754,-391.7924681536184
3.5e-07,-36650.99632091323,-429.85961526097617,-391.576700848668
3.6e-07,-36550.759818404986,-429.1451359327705,-391.3498656505079
3.7e-07,-36447.8474167916,-428.39923939902894,-391.1118840491709
3.8e-07,-36342.26664561435,-427.62198023294826,-390.86267367096775
3.9e-07,-36234.02522964463,-426.8134153023586,-390.60214827848785
4e-07,-36123.13108831872,-425.9736037655627,-390.3302177705981
4.1e-07,-36009.592335158435,-425.1026070670079,-390.0467877988352
4.2e-07,-35893.41727717747,-424.2004889327903,-389.75175643060675
4.3e-07,-35774.614414273594,-423.2673153659922,-389.4450186667488
4.4e-07,-35653.1924386068,-422.3031546418535,-389.1264658309087
4.5e-07,-35529.16023396334,-421.30807730277576,-388.7959849522549
4.6e-07,-35402.52687510572,-420.28215615316134,-388.4534587553147
4.7e-07,-35273.30162710878,-419.2254662540867,-388.0987639805948
4.8e-07,-35141.49394468182,-418.13808491781054,-387.7317724527206
4.9e-07,-35007.11347147678,-417.02009170211716,-387.3523522744884
5e-07,-34870.1700393828,-415.87156840449586,-386.96036700146107
5.1e-07,-34730.67366780673,-414.69259905615604,-386.55567564196883
5.2e-07,-34588.634562940184,-413.4832699158793,-386.1381311551349
5.3e-07,-34444.06311701271,-412.2436694637082,-385.70757850688886
5.4e-07,-34296.969907531515,-410.9738883944729,-385.2638598335742
5.5e-07,-34147.36569650756,-409.67401961115513,-384.80681236978137
5.6e-07,-33995.2614296681,-408.3441582180912,-384.3362683306499
5.7e-07,-33840.66823565594,-406.98440151401377,-383.852054381615
5.8e-07,-33683.597425215135,-405.5948489849331,-383.3539875192123
5.9e-07,-33524.06049036349,-404.17560229685773,-382.84188082098325
6e-07,-33362.0691035517,-402.7267652883569,-382.3155425249735
6.1e-07,-33197.63511680941,-401.2484439629625,-381.7747753130712
6.2e-07,-33030.77056087803,-399.74074648141385,-381.2193762744711
6.3e-07,-32861.48764433049,-398.203783153744,-380.649132843108
6.4e-07,-32689.798752678027,-396.63766643120886,-380.06382564364577
6.5e-07,-32515.716447464023,-395.04251089806,-379.46323100899036
6.6e-07,-32339.25346534493,-393.4184332631608,-378.8471191215208
6.7e-07,-32160.42271715836,-391.76555235144787,-378.21525401308776
6.8e-07,-31979.237286978536,-390.083989095237,-377.56739154309247
6.9e-07,-31795.710431158957,-388.37386652537515,-376.90327676766674
7e-07,-31609.855577362516,-386.6353097622394,-376.2226502470474
7.1e-07,-31421.686323579062,-384.868446006582,-375.5252456419539
7.2e-07,-31231.21643713053,-383.0734045302241,-374.81078928737304
7.3e-07,-31038.459853663637,-381.25031666659766,-374.07899751596284
7.4e-07,-30843.4306761303,-379.39931580113637,-373.3295799487648
7.5e-07,-30646.1431737558,-377.5205373615166,-372.5622391427469
7.6e-07,-30446.61178099477,-375.6141188077488,-371.7766701433644
7.7e-07,-30244.851096475108,-373.6801996221206,-370.97255722392146
7.8e-07,-30040.875881929896,-371.7189212989914,-370.14957526059567
7.9e-07,-29834.70106111733,-369.73042733443987,-369.30739249583
8e-07,-29626.341718728836,-367.7148632157654,-368.4456689440453
8.1e-07,-29415.813099285442,-365.67237641084347,-367.5640550692771
8.2e-07,-29203.13060602237,-363.6031163573363,-366.66218900776295
8.3e-07,-28988.30979976209,-361.5072344517592,-365.73970196482924
8.4e-07,-28771.36639777583,-359.38488403840375,-364.7962163856432
8.5e-07,-28552.316272633598,-357.23622039811835,-363.8313468430319
8.6e-07,-28331.175451042902,-355.0614007369474,-362.84468976557815
8.7e-07,-28107.960112676137,-352.86058417462914,-361.83583957691303
8.8e-07,-27882.68658898683,-350.6339317329537,-360.80437821376984
8.9e-07,-27655.371362014746,-348.3816063239826,-359.7498783070241
9e-07,-27426.03106317997,-346.10377273812827,-358.67190076574104
9.1e-07,-27194.682472066106,-343.8005976320983,-357.56999469417923
9.2e-07,-26961.3425151926,-341.4722495167013,-356.44369999031034
9.3e-07,-26726.028264776287,-339.1188987445185,-355.29254562224986
9.4e-07,-26488.756937482354,-336.74071749743956,-354.1160493704982
9.5e-07,-26249.54589316467,-334.3378797740649,-352.91371798847547
9.6e-07,-26008.412633595653,-331.91056137697575,-351.6850477842653
9.7e-07,-25765.374801185753,-329.4589398998708,-350.4295228111646
9.8e-07,-25520.450177692695,-326.9831947145734,-349.14661521272154
9.9e-07,-25273.65668292044,-324.4835069579072,-347.8357850503928
1e-06,-25025.012373408106,-321.96005951844415,-346.4964806807034
1.01e-06,-24774.535441108874,-319.4130370231227,-345.1281430919225
1.02e-06,-24522.24421205898,-316.8426258237404,-343.7302001883239
1.03e-06,-24268.15714503688,-314.24901398331866,-342.302067562303
1.04e-06,-24012.292830212762,-311.63239126234447,-340.8431490844695
1.05e-06,-23754.66998778836,-308.9929491048854,-339.35283687187837
1.06e-06,-23495.30746662731,-306.33088062458324,-337.83051330858746
1.07e-06,-23234.22424287613,-303.6463805905252,-336.2755494805843
1.08e-06,-22971.43941857575,-300.93964541299306,-334.68730437961665
1.09e-06,-22706.972220263997,-298.2108731290935,-333.0651255799096
1.1e-06,-22440.84199756885,-295.4602633882683,-331.40834922830845
1.11e-06,-22173.068221792753,-292.6880174376875,-329.71630240220736
1.12e-06,-21903.670484487993,-289.89433810752496,-327.98830394496565
1.13e-06,-21632.668496023307,-287.0794297961186,-326.22366036351053
1.14e-06,-21360.082084141763,-284.2434984550152,-324.4216679024778
1.15e-06,-21085.931192510096,-281.3867515739029,-322.58161267189575
1.16e-06,-20810.235879259508,-278.5093981654296,-320.7027721901225
1.17e-06,-20533.016315518147,-275.61164874991067,-318.78442015748936
1.18e-06,-20254.292783935296,-272.6937153399266,-316.82582033593997
1.19e-06,-19974.08567719737,-269.75581142481116,-314.8262287872683
1.2e-06,-19692.41549653595,-266.7981519550315,-312.7848947134868
1.21e-06,-19409.302850227752,-263.8209533264612,-310.70106278674774
1.22e-06,-19124.768452086897,-260.82443336454827,-308.57397188444827
1.23e-06,-18838.833119949344,-257.80881130837713,-306.40285551577824
1.24e-06,-18551.51777414979,-254.7743077946293,-304.1869426678211
1.25e-06,-18262.843435991024,-251.72114484143947,-301.9254627674408
1.26e-06,-17972.831226205937,-248.64954583215246,-299.6176454067386
1.27e-06,-17681.5023634122,-245.55973549897885,-297.2627174367356
1.28e-06,-17388.878162559842,-242.45193990655304,-294.85990571064644
1.29e-06,-17094.980033371743,-239.3263864353932,-292.4084400247007
1.3e-06,-16799.829478777185,-236.18330376526467,-289.90755765040797
1.31e-06,-16503.44809333863,-233.02292185844948,-287.35649791552964
1.32e-06,-16205.857561671719,-229.84547194292043,-284.75450558489194
1.33e-06,-15907.079656858788,-226.6511864954241,-282.10083290659617
1.34e-06,-15607.136238855783,-223.44029922447118,-279.3947466266057
1.35e-06,-15306.049252892939,-220.2130450532378,-276.63552284962657
1.36e-06,-15003.840727869136,-216.9696601023772,-273.8224493570951
1.37e-06,-14700.53277474017,-213.71038167274406,-270.9548278452395
1.38e-06,-14396.147584901015,-210.4354482280325,-268.0319816200404
1.39e-06,-14090.70742856223,-207.14509937732936,-265.0532536445487
1.4e-06,-13784.234653120504,-203.83957585758253,-262.01800577010636
1.41e-06,-13476.751681523672,-200.51911951598817,-258.92562232564643
1.42e-06,-13168.281010630144,-197.18397329229617,-255.77551528267873
1.43e-06,-12858.845209562898,-193.83438120103472,-252.56712850884412
1.44e-06,-12548.466918058264,-190.47058831365825,-249.29993333271938
1.45e-06,-12237.16884480946,-187.09284074061566,-245.97343333483843
1.46e-06,-11924.973765805149,-183.70138561334505,-242.58716769926588
1.47e-06,-11611.904522663031,-180.29647106619132,-239.14071829672991
1.48e-06,-11297.984020958625,-176.87834621825192,-235.6337055393471
1.49e-06,-10983.235228549454,-173.44726115515073,-232.06579238959188
1.5e-06,-10667.681173894527,-170.00346691073963,-228.43668732566584
1.51e-06,-10351.344944369557,-166.54721544873274,-224.7461503108766
1.52e-06,-10034.249684577708,-163.07875964427052,-220.9939923699872
1.53e-06,-9716.418594656292,-159.59835326541946,-217.18007771706334
1.54e-06,-9397.87492857929,-156.10625095460415,-213.30432703860112
1.55e-06,-9078.64199245603,-152.60270820997738,-209.3667204541821
1.56e-06,-8758.743142825966,-149.087981366726,-205.36730009008681
1.57e-06,-8438.201784949846,-145.5623275783169,-201.30617225107017
1.58e-06,-8117.041371097238,-142.02600479768188,-197.18351021913674
1.59e-06,-7795.285398830674,-138.47927175834508,-192.99955569046807
1.6e-06,-7472.957409286464,-134.92238795549264,-188.75461876904996
1.61e-06,-7150.080985452307,-131.35561362698695,-184.4490844997856
1.62e-06,-6826.679750441879,-127.77920973432659,-180.08341393322883
1.63e-06,-6502.77736576641,-124.19343794355268,-175.65814568059244
1.64e-06,-6178.39752960356,-120.59856060610491,-171.17389110234194
1.65e-06,-5853.563975063485,-116.99484073962606,-166.6313422168106
1.66e-06,-5528.300468452484,-113.38254200871896,-162.0312733345474
1.67e-06,-5202.630807534082,-109.76192870565504,-157.37453921890784
1.68e-06,-4876.578819787937,-106.13326573103818,-152.66207448828516
1.69e-06,-4550.168360666464,-102.49681857442269,-147.89489967007444
1.7e-06,-4223.423311849473,-98.85285329488917,-143.07411989818758
1.71e-06,-3896.367579496918,-95.20163650157876,-138.20091651460376
1.72e-06,-3569.0250924997404,-91.54343533418601,-133.27655537651987
1.73e-06,-3241.4198007291957,-87.87851744341461,-128.3023876042272
1.74e-06,-2913.575673284503,-84.207150971394,-123.27984371861784
1.75e-06,-2585.516696739224,-80.52960453206168,-118.21042858505555
1.76e-06,-2257.2668733862283,-76.84614719150937,-113.09573087519347
1.77e-06,-1928.850219481643,-73.15704844829772,-107.93741813661705
1.78e-06,-1600.2907634876553,-69.46257821373786,-102.73722429556261
1.79e-06,-1271.612544314504,-65.76300679214376,-97.49695966862242
1.8e-06,-942.8396095617114,-62.05860486105582,-92.21851109011168
1.81e-06,-613.996013758598,-58.34964345143629,-86.90382319309744
1.82e-06,-285.1058166043781,-54.636393927839784,-81.55490589639349
1.83e-06,43.8069187921751,-50.919127968558826,-76.1738314642702
1.84e-06,372.71812767326173,-47.19811754574698,-70.76272638415654
1.85e-06,701.6037453928031,-43.473634905519525,-65.32377755346444
1.86e-06,1030.4397091770527,-39.745952548035355,-59.85921035841923
1.87e-06,1359.2019598852064,-36.015343207558956,-54.371305340884554
1.88e-06,1687.866443769612,-32.28207983250659,-48.86237529642398
1.89e-06,2016.4091142357095,-28.546435565475562,-43.33477335653269
1.9e-06,2344.8059336013644,-24.808683723260092,-37.79088517443322
1.91e-06,2673.0328748555507,-21.069097776854505,-32.23311553638436
1.92e-06,3001.0659234163263,-17.327951331444293,-26.66390428799189
1.93e-06,3328.88107888783,-13.585518106388069,-21.085696373303236
1.94e-06,3656.4543568162057,-9.842071915191713,-15.500948466442155
1.95e-06,3983.7617904445133,-6.097886645473746,-9.912128321179914
1.96e-06,4310.779432466179,-2.353236238927246,-4.321703042273116
1.97e-06,4637.483356777113,1.3916053287232737,1.2678629051473398
1.98e-06,4963.849660226231,5.136364067766885,6.854112246591075
1.99e-06,5289.854464364332,8.880765994552776,12.434601953422646
2e-06,5615.473917191172,12.624537151536353,18.00690699747234
2.01e-06,5940.684194900562,16.367403627322915,23.568625435038843
2.02e-06,6265.46150362344,20.10909157670846,29.11738217726231
2.03e-06,6589.782081168707,23.84932724071509,34.650834313490535
2.04e-06,6913.622198761828,27.587836966621012,40.16667454109571
2.05e-06,7236.958162780905,31.32434722798185,45.66263604272806
2.06e-06,7559.766316490233,35.05858464464338,51.13649503052882
2.07e-06,7882.023041771071,38.7902760027425,56.5860761149023
2.08e-06,8203.704760849749,42.51914827469797,62.00925640953858
2.09e-06,8524.78793802266,46.24492863918553,67.40396810292499
2.1e-06,8845.249081378259,49.96734450109905,72.76819756014935
2.11e-06,9165.064744515847,53.68612351149492,78.09999256844345
2.12e-06,9484.211528260957,57.40099358751763,83.3974637704902
2.13e-06,9802.666082377451,61.111682932307765,88.65878692136809
2.14e-06,10120.405107275843,64.81792005488705,93.88220531211385
2.15e-06,10437.405355718058,68.51943379002238,99.0660308418073
2.16e-06,10753.643634518221,72.2159533180646,104.20864579908279
2.17e-06,11069.096806239699,75.90720818476419,109.30850438937277
2.18e-06,11383.74179088785,79.59292832105807,114.36413378942574
2.19e-06,11697.555567598703,83.27284406282939,119.37413481467253
2.2e-06,12010.51517632323,86.94668617063708,124.33718257543019
2.21e-06,12322.597719507266,90.61418584941522,129.25202649436113
2.22e-06,12633.78036376673,94.27507476813857,134.11749056818797
2.23e-06,12944.040341558288,97.92908507945556,138.93247321570408
2.24e-06,13253.354952845093,101.57594943928501,143.69594702390702
2.25e-06,13561.701566757603,105.21540102637584,148.4069594209622
2.26e-06,13869.057623249417,108.84717356182956,153.06463068323944
2.27e-06,14175.400634747819,112.47100132858215,157.6681532324111
2.28e-06,14480.708187799119,116.0866191908452,162.21679101227835
2.29e-06,14784.957944708436,119.69376261350402,166.70987896661654
2.3e-06,15088.127645174143,123.29216768147298,171.14682056139333
2.31e-06,15390.195107916452,126.88157111900439,175.5270865531425
2.32e-06,15691.138232300325,130.46171030895084,179.85021439051275
2.33e-06,15990.934999952467,134.03232331197972,184.11580658490442
2.34e-06,16289.563476372223,137.59314888573732,188.32352777713515
2.35e-06,16587.00181253653,141.14392650396366,192.47310325204694
2.36e-06,16883.228246498365,144.6843963755523,196.56431866374555
2.37e-06,17178.221104979075,148.21429946355954,200.59701697438032
2.38e-06,17471.95880495391,151.73337750415465,204.57109589816457
2.39e-06,17764.419855231357,155.24137302551793,208.48650624959703
2.4e-06,18055.582858025362,158.73802936667659,212.34325128327094
2.41e-06,18345.426510520996,162.22309069628466,216.14138301784982
2.42e-06,18633.929606432986,165.69630203133977,219.88100016509736
2.43e-06,18921.071037557318,169.1574092558393,223.56224649727721
2.44e-06,19206.82979531557,172.60615913937255,227.18530983481332
2.45e-06,19491.18497229207,176.04229935564888,230.75041818692432
2.46e-06,19774.11576376347,179.46557850095786,234.25783802400446
2.47e-06,20055.601469221,182.875746112564,237.7078729156812
2.48e-06,20335.621493884966,186.27255268703124,241.10086170024232
2.49e-06,20614.155350211597,189.65574969847864,244.43717536541243
2.5e-06,20891.18265939196,193.0250896167625,247.71721538704452
2.51e-06,21166.683152843016,196.38032592558739,250.94141256987842
2.52e-06,21440.636673690493,199.72121314054226,254.11022465896775
2.53e-06,21713.023178243766,203.0475068270619,257.22413409328897
2.54e-06,21983.82273746221,206.35896361830947,260.28364638477336
2.55e-06,22253.01553841343,209.65534123298397,263.2892890583428
2.56e-06,22520.58188572276,212.9363984930451,266.24160921064095
2.57e-06,22786.502203014308,216.20189534135983,269.14117184106533
2.58e-06,23050.757034343296,219.45159285926638,271.98855840440444
2.59e-06,23313.327045619466,222.68525328405372,274.78436563023723
2.6e-06,23574.193026021705,225.90264002635774,277.52920348270356
2.61e-06,23833.33588940356,229.1035176874712,280.2236938290599
2.62e-06,24090.73667568974,232.28765207656727,282.8684691945244
2.63e-06,24346.376552263206,235.45481022783247,285.4641715221542
2.64e-06,24600.236815343178,238.60476041751343,288.01145064361674
2.65e-06,24852.298891353457,241.73727218086856,290.510963146777
2.66e-06,25102.54433828148,244.8521163290323,292.9633713067087
2.67e-06,25350.954847027533,247.94906496578187,295.3693419436371
2.68e-06,25597.512242744393,251.02789150421233,297.72954532684406
2.69e-06,25842.198486166977,254.08837068331343,300.0446542058565
2.7e-06,26084.995674932343,257.1302785844524,302.3153428393757
2.71e-06,26325.886044889332,260.15339264775525,304.542286134186
2.72e-06,26564.851971398424,263.15749168839164,306.72615881390567
2.73e-06,26801.87597062112,266.14235591275667,308.8676346077695
2.74e-06,27036.9407007992,269.10776693455233,310.9673854106859
2.75e-06,27270.028963523553,272.0535077907664,313.02608071946867
2.76e-06,27501.123704992402,274.9793629575452,315.0443869668835
2.77e-06,27730.208017259112,277.8851183659631,317.02296683718924
2.78e-06,27957.265139469222,280.7705614176843,318.96247862012507
2.79e-06,28182.278459086778,283.6354810005185,320.86357587110376
2.8e-06,28405.23151310971,286.47966750386524,322.7269068807047
2.81e-06,28626.107989274453,289.3029128340519,324.5531140658996
2.82e-06,28844.891727249287,292.1050104295563,326.3428336060647
2.83e-06,29061.566719816834,294.8857552761223,328.0966951900991
2.84e-06,29276.117114045126,297.6449439217579,329.81532162237784
2.85e-06,29488.527212447534,300.38237449162136,331.49932829757023
2.86e-06,29698.781474131236,303.0978467027909,333.1493230940786
2.87e-06,29906.864515934263,305.7911618789188,334.76590615459213
2.88e-06,30112.761113551005,308.4621229647668,336.34966959951515
2.89e-06,30316.456202646124,311.1105345406247,337.90119711887286
2.9e-06,30517.93487995667,313.7362028366067,339.4210640432391
2.91e-06,30717.182404382504,316.33893574682963,340.90983715568626
2.92e-06,30914.184198064824,318.91854284346755,342.368074446731
2.93e-06,31108.92584745276,321.4748353906851,343.79632498696407
2.94e-06,31301.39310435789,324.0076263584454,345.19512884988967
2.95e-06,31491.571886996764,326.5167304361948,346.5650171833283
2.96e-06,31679.448281021145,329.0019640464205,347.90651187565004
2.97e-06,31865.008540536044,331.46314535808193,349.22012560476304
2.98e-06,32048.239089105493,333.90009429991505,350.50636198842017
2.99e-06,32229.126520745784,336.31263257360615,351.76571549278066
3e-06,32407.657600906343,338.7005836668378,352.99867129435535
3.01e-06,32583.819267438037,341.06377286620267,354.20570516453034
3.02e-06,32757.598631548874,343.40202726998706,355.38728370746526
3.03e-06,32928.98297874695,345.7151758008203,356.54386423391975
3.04e-06,33097.95976977078,348.0030492181928,357.6758949125025
3.05e-06,33264.51664150663,350.26548013083664,358.7838152199055
3.06e-06,33428.641407893156,352.5023030089747,359.868055263016
3.07e-06,33590.32206081292,354.7133541964299,360.9290359993951
3.08e-06,33749.546770971036,356.8984719226005,361.96716938159983
3.09e-06,33906.30388876052,359.05749631429427,362.9828590947558
3.1e-06,34060.581945114805,361.1902694074273,363.9764998033024
3.11e-06,34212.369652346715,363.2966351585801,364.9484773263472
3.12e-06,34361.65590497443,365.37643945641537,365.89916879383054
3.13e-06,34508.42978053394,367.4295301329524,366.82894316126834
3.14e-06,34652.680540378235,369.4557569747015,367.73816091693294
3.15e-06,34794.39763046297,371.45497173365357,368.6271740933739
3.16e-06,34933.57068211865,373.4270281381271,369.4963264406515
3.17e-06,35070.18951280925,375.3717819034697,370.3459538033696
3.18e-06,35204.244126877195,377.28909074261435,371.17638410966845
3.19e-06,35335.72471627476,379.17881437649095,371.98793727215246
3.2e-06,35464.62166128155,381.0408145442882,372.78092539645166
3.21e-06,35590.925531208464,382.8749550135709,373.55565301927834
3.22e-06,35714.627085087544,384.6811015902459,374.3124172590981
3.23e-06,35835.71727234822,386.4591221283816,375.05150766648325
3.24e-06,35954.18723347939,388.2088865398756,375.7732064466779
3.25e-06,36070.028300677695,389.930266803973,376.4777885653097
3.26e-06,36183.23199848162,391.62313697663245,377.1655219285141
3.27e-06,36293.79004439167,393.2873731997412,377.8366677106832
3.28e-06,36401.69434947631,394.9228537101769,378.4914801011318
3.29e-06,36506.93701896382,396.52945884871684,379.1302065318239
3.3e-06,36609.51035281988,398.10707106879204,379.7530878077888
3.31e-06,36709.40684631096,399.65557494508784,380.3603582175007
3.32e-06,36806.61919055338,401.17485718198895,380.95224561438204
3.33e-06,36901.140273048106,402.664806621869,381.5289715643027
3.34e-06,36992.963178201084,404.1253142532226,382.0907514558847
3.35e-06,37082.081187829244,405.5562732186417,382.6377946069523
3.36e-06,37168.48778165202,406.9575788226335,383.17030437547334
3.37e-06,37252.1766377684,408.3291285392807,383.6884781276594
3.38e-06,37333.14163311951,409.67082201974233,384.1925074247245
3.39e-06,37411.37684393652,410.98256109959647,384.6825782191154
3.4e-06,37486.87654617414,412.26424980602144,385.15887090199675
3.41e-06,37559.63521592935,413.51579436481836,385.6215604103367
3.42e-06,37629.64752984563,414.7371032072719,386.0708162136589
3.43e-06,37696.90836550234,415.9280869768498,386.5068023182189
3.44e-06,37761.412801789586,417.0886585357403,386.9296776573483
3.45e-06,37823.156119268235,418.2187329712283,387.33959606790336
3.46e-06,37882.133800515214,419.3182276019074,387.73670638674656
3.47e-06,37938.341530454025,420.38706198372904,388.12115247483763
3.48e-06,37991.77519667047,421.4251579158891,388.49307300230697
3.49e-06,38042.43088971349,422.4324394465482,388.852602000665
3.5e-06,38090.30490338128,423.40883287838966,389.19986882906824
3.51e-06,38135.393734992336,424.354266774011,389.53499823206573
3.52e-06,38177.69408564186,425.26867196115103,389.85811040653954
3.53e-06,38217.202860443,426.15198153775015,390.169320722924
3.54e-06,38253.91716875338,427.00413087684615,390.46874016661826
3.55e-06,38287.83432438653,427.82505763130155,390.7564754420627
3.56e-06,38318.95184580846,428.61470173836625,391.0326289676301
3.57e-06,38347.26745631919,429.37300542407115,391.297298952669
3.58e-06,38372.77908421935,430.09991320745576,391.55057918269944
3.59e-06,38395.48486296173,430.7953719046269,391.7925591788932
3.6e-06,38415.38313128788,431.4593306326504,392.0233245359847
3.61e-06,38432.47243334961,432.0917408132735,392.24295683418455
3.62e-06,38446.75151881554,432.69255617647934,392.4515337050261
3.63e-06,38458.21934296256,433.2617327638723,392.6491287368831
3.64e-06,38466.8750667523,433.79922893189377,392.8358113095646
3.65e-06,38472.71805689247,434.3050053548697,393.01164715073895
3.66e-06,38475.74788588323,434.77902502788703,393.17669819561434
3.67e-06,38475.964332048454,435.2212532695019,393.3310226303748
3.68e-06,38473.36737955194,435.6316577242766,393.4746748820129
3.69e-06,38467.957218398624,436.0102083651469,393.6077052997326
3.7e-06,38459.73424442057,436.35687749561924,393.73016069368873
3.71e-06,38448.69905924812,436.6716397517969,393.842084274103
3.72e-06,38434.852470265825,436.9544721042357,393.9435156469162
3.73e-06,38418.19549055336,437.2053538596292,394.0344908420265
3.74e-06,38398.72933881141,437.42426666232245,394.1150419837184
3.75e-06,38376.45543927257,437.61119449565507,394.1851976393246
3.76e-06,38351.37542159702,437.7661236831331,394.244982934072
3.77e-06,38323.4911207534,437.8890428894297,394.2944194783879
3.78e-06,38292.80457688451,437.9799431212143,394.3335253979303
3.79e-06,38259.318035158016,438.03881772781097,394.36231532909017
3.8e-06,38223.03394560225,438.0656624016845,394.38079939075135
3.81e-06,38183.954962926895,438.06047517875606,394.3889854795373
3.82e-06,38142.08394632879,438.0232564385465,394.3868774409335
3.83e-06,38097.42395928273,437.9540089041488,394.37447569937916
3.84e-06,38049.97826931732,437.8527376420289,394.3517770859213
3.85e-06,37999.75034777589,437.7194500616548,394.3187745352253
3.86e-06,37946.743869562575,437.5541559149545,394.2754578166704
3.87e-06,37890.962712873385,437.3568672956026,394.2218132521526
3.88e-06,37832.410958912486,437.1275986381356,394.15782369151964
3.89e-06,37771.09289159358,436.8663667168955,394.0834685125709
3.9e-06,37707.012997226506,436.57319064480254,393.9987233100692
3.91e-06,37640.175964188966,436.248091871957,393.9035593715521
3.92e-06,37570.586682583526,435.89109418406974,393.7979449663345
3.93e-06,37498.250243879826,435.50222370072197,393.68184484300895
3.94e-06,37423.17194054205,435.08150887345414,393.5552201878546
3.95e-06,37345.35726564176,434.62898048368424,393.4180286248372
3.96e-06,37264.811912455916,434.14467164045595,393.27022380076846
3.97e-06,37181.54177405039,433.6286177780159,393.1117547154344
3.98e-06,37095.55294284878,433.0808566532214,392.94256740152616
3.99e-06,37006.85171018666,432.50142834277773,392.7626042633112
4e-06,36915.4445658513,431.8903752403062,392.57180402462524
4.01e-06,36821.33819760681,431.24774205324246,392.37010172887153
4.02e-06,36724.53949070485,430.573575799565,392.1574280222715
4.03e-06,36625.05552738085,429.8679258043558,391.93370804605087
4.04e-06,36522.89358633592,429.1308436961911,391.6988642719941
4.05e-06,36418.0611422042,428.3623834033639,391.45281537537716
4.06e-06,36310.56586500604,427.5626011499386,391.19547615081007
4.07e-06,36200.415619586835,426.7315554516372,390.926757512237
4.08e-06,36087.61846504156,425.8693071115584,390.64656541230164
4.09e-06,35972.18265412515,424.97591921572814,390.3547992451431
4.1e-06,35854.116632648715,424.0514571284849,390.0513560224623
4.11e-06,35733.42903886155,423.0959884876968,389.7361286977629
4.12e-06,35610.12870281917,422.1095831998128,389.4090060476373
4.13e-06,35484.22464573724,421.0923134347487,389.0698726717659
4.14e-06,35355.726079331565,420.0442536206059,388.7186075459079
4.15e-06,35224.64240514406,418.96548043822673,388.3550819787611
4.16e-06,35090.98321385497,417.85607281558373,387.9791650737394
4.17e-06,34954.758284581105,416.71611192200487,387.5907215165861
4.18e-06,34815.977584160406,415.5456811622351,387.1896114268039
4.19e-06,34674.65126642268,414.3448661703337,386.77569035765663
4.2e-06,34530.78967144676,413.1137548034096,386.3488077286676
4.21e-06,34384.40332480387,411.85243713519225,385.90880437498754
4.22e-06,34235.50293678768,410.5610054494426,385.45551821053147
4.23e-06,34084.09940163055,409.23955423320035,384.9887820992341
4.24e-06,33930.20379670653,407.8881801698712,384.5084237106765
4.25e-06,33773.827381720905,406.50698213215304,384.01426403309097
4.26e-06,33614.98159788629,405.09606117480183,383.5061173236728
4.27e-06,33453.67806708567,403.65552052723825,382.9837934580183
4.28e-06,33289.928591021955,402.1854655859945,382.44709676695607
4.29e-06,33123.74515035465,400.6860039070035,381.8958259743426
4.3e-06,32955.13990382316,399.1572451977293,381.3297706125616
4.31e-06,32784.12518735734,397.5993013091407,380.7487137286875
4.32e-06,32610.713513174796,396.0122862275272,380.15243358132545
4.33e-06,32434.917568865556,394.3963160661599,379.5407022798953
4.34e-06,32256.750216463704,392.75150905679504,378.91328544249217
4.35e-06,32076.224491506408,391.0779855410252,378.2699380494771
4.36e-06,31893.353602080093,389.3758679614732,377.61040933361454
4.37e-06,31708.150927854185,387.6452808528346,376.9344426045002
4.38e-06,31520.630019102067,385.88635083276483,376.24177439123673
4.39e-06,31330.804595709815,384.0992065926173,375.53213351778777
4.4e-06,31138.68854617229,382.283978888026,374.805237204174
4.41e-06,30944.295926577,380.4408005293391,374.0607972771358
4.42e-06,30747.64095957575,378.569806371903,373.2985185522626
4.43e-06,30548.738033344005,376.67113330619446,372.5180983955599
4.44e-06,30347.601700528172,374.74492024780574,371.7192247424017
4.45e-06,30144.246677180905,372.791308127281,370.9015734459825
4.46e-06,29938.687841684387,370.81043987980416,370.0648148694292
4.47e-06,29730.940233661735,368.8024604347423,369.2086113242574
4.48e-06,29521.019052876727,366.7675167050423,368.33261692863556
4.49e-06,29308.939658121566,364.7057575764797,367.43647418952236
4.5e-06,29094.717566093314,362.6173338967681,366.51981430842744
4.51e-06,28878.368450258495,360.5023984645214,365.58226198701595
4.52e-06,28659.908139706455,358.3611060180743,364.62343296436455
4.53e-06,28439.352617991153,356.1936132241604,363.6429339157403
4.54e-06,28216.7180219618,354.00007866645126,362.64035779013074
4.55e-06,27992.020640582123,351.78066283395236,361.6152875945304
4.56e-06,27765.276913738693,349.53552810926146,360.5672982531545
4.57e-06,27536.50343103806,347.2648387566881,359.49595496041576
4.58e-06,27305.716930592982,344.9687609102349,358.40081274074316
4.59e-06,27072.934297797736,342.6474625614427,357.2814117642903
4.6e-06,26838.17256409283,340.3011135470998,356.1372830703297
4.61e-06,26601.448905718767,337.9298855368147,354.96794815990114
4.62e-06,26362.78064245949,335.5339520204577,353.7729180896305
4.63e-06,26122.185236375037,333.11348829546654,352.5516925892688
4.64e-06,25879.680290524084,330.66867145402114,351.3037567445459
4.65e-06,25635.283547675892,328.1996803700858,350.02858647785865
4.66e-06,25389.012889012305,325.7066956863241,348.72564702671605
4.67e-06,25140.88633281937,323.18989980088054,347.39439259725253
4.68e-06,24890.922033169045,320.649476854035,346.0342653514582
4.69e-06,24639.13827859101,318.08561271473206,344.64469426263
4.7e-06,24385.553490734594,315.4984949669807,343.225098214026
4.71e-06,24130.186223020937,312.8883128961299,341.77488475587904
4.72e-06,23873.055159285563,310.2552574750204,340.29345005015193
4.73e-06,23614.1791124113,307.59952135001083,338.780178916458
4.74e-06,23353.57702295196,304.921298826884,337.2344448226397
4.75e-06,23091.267957746553,302.2207858566311,335.65560982780306
4.76e-06,22827.2711085242,299.4981800211136,334.0430246126259
4.77e-06,22561.605790499943,296.7536805186073,332.3960285713062
4.78e-06,22294.291440961693,293.9874881492296,330.71395324655373
4.79e-06,22025.34761784803,291.19980530024657,328.9961193582938
4.8e-06,21754.79399831727,288.3908359312665,327.24183567087493
4.81e-06,21482.650377307713,285.56078555931566,325.4504001237217
4.82e-06,21208.936666089514,282.7098612438037,323.62110054878065
4.83e-06,20933.672890807768,279.8382715713729,321.75322192726145
4.84e-06,20656.87919101733,276.9462266406377,319.84603862893977
4.85e-06,20378.575818209334,274.03393804681224,317.8988147306049
4.86e-06,20098.783134329457,271.1016188662299,315.91080712932825
4.87e-06,19817.52161028824,268.14948364075326,313.8812705721369
4.88e-06,19534.811824463162,265.1777483620766,311.80944935295236
4.89e-06,19250.674461193255,262.18663045592433,309.69457981370687
4.9e-06,18965.130309265594,259.1763487661421,307.535896972283
4.91e-06,18678.200260394344,256.14712353868555,305.3326367366046
4.92e-06,18389.905307692217,253.099176405506,303.0840269204189
4.93e-06,18100.266544134523,250.0327303683349,300.78929495893465
4.94e-06,17809.30516101591,246.9480097823681,298.4476710368949
4.95e-06,17517.04244639994,243.8452403398511,296.05838035860256
4.96e-06,17223.499783561452,240.72464905356514,293.62065118461624
4.97e-06,16928.698649422222,237.5864642402201,291.13372133922104
4.98e-06,16632.660612979496,234.4309155037481,288.5968257468899
4.99e-06,16335.407333727997,231.25823371850578,286.00920580759276
5e-06,16036.960560075011,228.06865101238026,283.3701189939078
5.01e-06,15737.342127749525,224.8624007498094,280.6788234038849
5.02e-06,15436.573958204302,221.63971751470422,277.93458748488297
5.03e-06,15134.678057012186,218.4008370932877,275.13670311149536
5.04e-06,14831.676512255926,215.14599645684183,272.28446719246995
5.05e-06,14527.591492912303,211.87543374437206,269.37719067937957
5.06e-06,14222.445247230007,208.5893882451823,266.41421481609143
5.07e-06,13916.260101101934,205.28810038136805,263.39489477637153
5.08e-06,13609.058456431576,201.9718116902249,260.31861111088506
5.09e-06,13300.862789494173,198.6407648065782,257.18476924909237
5.1e-06,12991.695649292265,195.295203445031,253.99279781862856
5.11e-06,12681.57965590562,191.9353723821298,250.74216410742696
5.12e-06,12370.537498836566,188.56151743845902,247.43236020054917
5.13e-06,12058.591935349765,185.17388546065382,244.06291770122488
5.14e-06,11745.765788807254,181.77272430334062,240.63340637813974
5.15e-06,11432.081946998444,178.35828281100117,237.14343015307333
5.16e-06,11117.563360465749,174.93081079976827,233.5926464631961
5.17e-06,10802.233040825286,171.4905590391466,229.98074708590286
5.18e-06,10486.114059083273,168.03777923366584,226.30747682084103
5.19e-06,10169.229543948051,164.57272400446453,222.57263312789917
5.2e-06,9851.60268013788,161.09564687080717,218.77606441265323
5.21e-06,9533.256706684633,157.60680223153582,214.9176743873831
5.22e-06,9214.21491523357,154.10644534645735,210.99742717457224
5.23e-06,8894.50064833907,150.59483231766598,207.01535143875856
5.24e-06,8574.137297756983,147.07222007080787,202.97153345000362
5.25e-06,8253.14830273306,143.53886633628196,198.8661255437325
5.26e-06,7931.5571482880805,139.99502963038367,194.69934971501732
5.27e-06,7609.387363499434,136.44096923638915,190.4714974570188
5.28e-06,7286.662519779941,132.87694518558845,186.18293314661491
5.29e-06,6963.406229152972,129.30321823825705,181.83409591948072
5.3e-06,6639.642142524909,125.72004986457804,177.42549938525605
5.31e-06,6315.393947954914,122.12770222551339,172.957735777486
5.32e-06,5990.685368921661,118.52643815362177,168.4314766730268
5.33e-06,5665.540162587687,114.91652113382904,163.84747174254562
5.34e-06,5339.982118061074,111.29821528414924,159.20655318998587
5.35e-06,5014.035054655136,107.67178533636257,154.50963540688514
5.36e-06,4687.722820145516,104.03749661664466,149.75771322087553
5.37e-06,4361.069289025578,100.39561502615621,144.95186574234845
5.38e-06,4034.0983607592975,96.74640702158482,140.09325541137355
5.39e-06,3706.833958033017,93.09013959565347,135.18312564120146
5.4e-06,3379.300025004972,89.4270802575843,130.22280173347337
5.41e-06,3051.5205255535016,85.75749701352711,125.21368967549897
5.42e-06,2723.5194415236037,82.08165834694935,120.15727637580191
5.43e-06,2395.320770972517,78.39983319899487,115.05512788792477
5.44e-06,2066.9485264137797,74.71229094880545,109.90888686587726
5.45e-06,1738.4267330603968,71.01930139381217,104.7202711478193
5.46e-06,1409.7794270670447,67.32113472999585,99.49107166894618
5.47e-06,1081.0306537714794,63.618061532118176,94.22314980471215
5.48e-06,752.2044659353014,59.910352733925706,88.91843465850351
5.49e-06,423.3249219840103,56.19827960832549,83.57891998472508
5.5e-06,94.41608424698532,52.4821137475399,78.20666087198198
5.51e-06,-234.49798280316153,48.76212704323408,72.80377013617245
5.52e-06,-563.3932143112178,45.03859166662357,67.37241514155919
5.53e-06,-892.2455468000651,41.31178004856095,61.91481355405477
5.54e-06,-1221.0309199312735,37.58196485960361,56.43322881867931
5.55e-06,-1549.7252782654655,33.849418990063874,50.92996619815137
5.56e-06,-1878.3045730222873,30.11441553004357,45.40736855925755
5.57e-06,-2206.7447638400645,26.377227749451848,39.86781085282353
5.58e-06,-2535.021820534499,22.63812907801391,34.313695658996295
5.59e-06,-2863.1117248569667,18.89739308526409,28.74744974355396
5.6e-06,-3190.9904722517276,15.155293460530983,23.171517096123765
5.61e-06,-3518.6340736123534,11.412103992911584,17.588353898696898
5.62e-06,-3846.018557036703,7.668098551241541,12.000424587477962
5.63e-06,-4173.119969580817,3.9235510640576665,6.410198754470748
5.64e-06,-4499.914379011568,0.17873549955451962,0.8201423662861804
5.65e-06,-4826.37787555764,-3.5660741544603534,-4.767286437148886
5.66e-06,-5152.486573658718,-7.3106039106106815,-10.349640234848271
5.67e-06,-5478.21661371319,-11.054579801999187,-15.924487393210196
5.68e-06,-5803.544163823769,-14.797727902251477,-21.489419230759236
5.69e-06,-6128.445421541266,-18.539774345559312,-27.042053997514365
5.7e-06,-6452.8966156058905,-22.280445346715524,-32.58003835092053
5.71e-06,-6776.874007686601,-26.019467221146982,-38.101054011172515
5.72e-06,-7100.353894117868,-29.756566404938184,-43.602822908823555
5.73e-06,-7423.312607633949,-33.49146947484646,-49.08311043989024
5.74e-06,-7745.726519100494,-37.22390316830687,-54.53972639438594
5.75e-06,-8067.572039243325,-40.953594403424916,-59.97053177967695
5.76e-06,-8388.825620374468,-44.68027029895807,-65.37344194334607
5.77e-06,-8709.463758114807,-48.40365819427865,-70.74642886929402
5.78e-06,-9029.462993113917,-52.12348566932445,-76.08752248347282
5.79e-06,-9348.799912766373,-55.83948056452952,-81.39481587371769
5.8e-06,-9667.451152924907,-59.551371000738456,-86.66646707251981
5.81e-06,-9985.393399609482,-63.25888539909454,-91.90070022709908
5.82e-06,-10302.60339071341,-66.96175250091349,-97.09580728065055
5.83e-06,-10619.057917705088,-70.65970138752772,-102.25015086255443
5.84e-06,-10934.733827326221,-74.35246150010983,-107.36216520513321
5.85e-06,-11249.608023285613,-78.03976265946571,-112.43035669969146
5.86e-06,-11563.657467949139,-81.72133508580356,-117.45330510563014
5.87e-06,-11876.859184025212,-85.39690941847151,-122.42966436947539
5.88e-06,-12189.190256246035,-89.06621673566671,-127.35816290545722
5.89e-06,-12500.627833044025,-92.72898857410905,-132.23760393557035
5.9e-06,-12811.149128223715,-96.38495694868273,-137.06686525640708
5.91e-06,-13120.731422629173,-100.0338543720467,-141.8448989453168
5.92e-06,-13429.352065805922,-103.67541387420154,-146.5707311042696
5.93e-06,-13736.988477658317,-107.30936902202399,-151.24346184817767
5.94e-06,-14043.618150101536,-110.93545393875966,-155.86226353954584
5.95e-06,-14349.218648708507,-114.55340332347745,-160.42637994885428
5.96e-06,-14653.767614351123,-118.16295247047772,-164.9351258202858
5.97e-06,-14957.242764836255,-121.76383728866092,-169.38788595197275
5.98e-06,-15259.621896536004,-125.35579432084953,-173.78411255011952
5.99e-06,-15560.882886012203,-128.93856076306344,-178.12332403456173
6e-06,-15861.00369163508,-132.51187448374816,-182.405104714167
6.01e-06,-16159.962355195921,-136.0754740429535,-186.62910239206605
6.02e-06,-16457.7370035136,-139.62909871146127,-190.79502583324688
6.03e-06,-16754.305850035045,-143.17248848986293,-194.9026432320839
6.04e-06,-17049.647196429065,-146.7053841275802,-198.95178185920014
6.05e-06,-17343.739434174,-150.2275271418344,-202.94232452116006
6.06e-06,-17636.56104613867,-153.73865983655742,-206.87420741543116
6.07e-06,-17928.090608156785,-157.23852532124806,-210.74741851440376
6.08e-06,-18218.30679059416,-160.7268675297633,-214.56199681810955
6.09e-06,-18507.188359909575,-164.20343123905718,-218.31802838082382
6.1e-06,-18794.714180208135,-167.66796208785178,-222.0156445040265
6.11e-06,-19080.863214787834,-171.12020659524933,-225.65502029629647
6.12e-06,-19365.614527678503,-174.55991217927567,-229.2363731347245
6.13e-06,-19648.9472851737,-177.98682717536218,-232.75995909871062
6.14e-06,-19930.84075735495,-181.40070085475736,-236.2260712773887
6.15e-06,-20211.274319608583,-184.80128344287374,-239.63503862818334
6.16e-06,-20490.227454134423,-188.18832613755842,-242.98722358683978
6.17e-06,-20767.679751447242,-191.56158112730014,-246.28301940852413
6.18e-06,-21043.61091186997,-194.92080160935973,-249.52284846744215
6.19e-06,-21318.00074701878,-198.2657418078257,-252.70716121739736
6.2e-06,-21590.82918128026,-201.59615699159752,-255.8364335178743
6.21e-06,-21862.076253280196,-204.91180349229103,-258.91116468252454
6.22e-06,-22131.722117344136,-208.21243872206708,-261.93187589925657
6.23e-06,-22399.747044949232,-211.49782119137876,-264.89910909683164
6.24e-06,-22666.13142616781,-214.7677105266415,-267.81342449355304
6.25e-06,-22930.855771101942,-218.0218674878177,-270.67539908691106
6.26e-06,-23193.900711309718,-221.26005398592417,-273.48562527857797
6.27e-06,-23455.247001222007,-224.48203310044852,-276.2447095932962
6.28e-06,-23714.875519550755,-227.68756909668468,-278.9532707410689
6.29e-06,-23972.767270687866,-230.87642744297995,-281.61193834888564
6.3e-06,-24228.90338609516,-234.0483748278957,-284.22135179030437
6.31e-06,-24483.26512568469,-237.20317917727544,-286.7821588617342
6.32e-06,-24735.83387918999,-240.34060967122576,-289.29501439959625
6.33e-06,-24986.591167527637,-243.46043676100385,-291.760579167028
6.34e-06,-25235.518644149262,-246.56243218581244,-294.17951881112106
6.35e-06,-25482.5980963839,-249.64636898950022,-296.55250274005243
6.36e-06,-25727.81144677044,-252.71202153716666,-298.88020310348395
6.37e-06,-25971.14075438039,-255.759165531672,-301.1632938452594
6.38e-06,-26212.56821613037,-258.78757803004584,-303.40244976279575
6.39e-06,-26452.076168084728,-261.79703745979964,-305.59834569969587
6.4e-06,-26689.647086747907,-264.7873236351379,-307.75165574433186
6.41e-06,-26925.263590346618,-267.75821777306874,-309.8630524319188
6.42e-06,-27158.90844010146,-270.7095025094097,-311.9332059559548
6.43e-06,-27390.564541488176,-273.64096191469105,-313.9627836497227
6.44e-06,-27620.214945488482,-276.5523815099555,-315.95244933883606
6.45e-06,-27847.842849830104,-279.44354828245037,-317.9028626445243
6.46e-06,-28073.431600216027,-282.3142507012111,-319.8146784481735
6.47e-06,-28296.964691543057,-285.1642787325389,-321.6885465331032
6.48e-06,-28518.42576910939,-287.9934238553673,-323.52511108309255
6.49e-06,-28737.798629811296,-290.8014790765198,-325.3250100669061
6.5e-06,-28955.067223328424,-293.5882389458524,-327.08887498600853
6.51e-06,-29170.215653298288,-296.35349957128665,-328.81733058311283
6.52e-06,-29383.22817847919,-299.09705863372704,-330.51099446828886
6.53e-06,-29594.089213902025,-301.81871540186324,-332.1704766118662
6.54e-06,-29802.783332010502,-304.5182707468572,-333.7963793155622
6.55e-06,-30009.295263789838,-307.19552715691117,-335.38929696343257
6.56e-06,-30213.609899884104,-309.85028875172054,-336.9498157346998
6.57e-06,-30415.71229170142,-312.48236129680316,-338.4785132558634
6.58e-06,-30615.58765250786,-315.0915522177116,-339.97595869351716
6.59e-06,-30813.221358509243,-317.6776706141224,-341.44271245791623
6.6e-06,-31008.5989499211,-320.2405272738039,-342.87932644254255
6.61e-06,-31201.706132026597,-322.77993468645855,-344.28634296611096
6.62e-06,-31392.528776222418,-325.29570705744345,-345.6642957208321
6.63e-06,-31581.052921052484,-327.7876603213628,-347.01370929535096
6.64e-06,-31767.264773229406,-330.2556121555361,-348.3350989441116
6.65e-06,-31951.150708643705,-332.6993819933365,-349.62897075595356
6.66e-06,-32132.697273360583,-335.1187910374025,-350.8958217219393
6.67e-06,-32311.89118460425,-337.5136622727194,-352.13613967568483
6.68e-06,-32488.719331729942,-339.88382047957157,-353.3504031093968
6.69e-06,-32663.168777182767,-342.22909224636,-354.53908117206066
6.7e-06,-32835.226757444674,-344.54930598229214,-355.70263384599195
6.71e-06,-33004.88068396805,-346.844291929935,-356.84151184108634
6.72e-06,-33172.118144096916,-349.1138821776367,-357.95615681980854
6.73e-06,-33336.92690197494,-351.3579106718096,-359.0470017238236
6.74e-06,-33499.29489944075,-353.5762132290812,-360.1144701580801
6.75e-06,-33659.21025691016,-355.76862754830586,-361.1589766410448
6.76e-06,-33816.66127424532,-357.93499322244026,-362.1809267858835
6.77e-06,-33971.63643161077,-360.0751517502782,-363.1807179777637
6.78e-06,-34124.12439031626,-362.1889465480479,-364.15873859150395
6.79e-06,-34274.11399364636,-364.2762229608691,-365.115368249638
6.8e-06,-34421.59426767672,-366.33682827406744,-366.0509779683771
6.81e-06,-34566.554422076995,-368.3706117243478,-366.9659306672157
6.82e-06,-34708.98385090026,-370.377424510825,-367.8605808280997
6.83e-06,-34848.87213335912,-372.3571198059114,-368.7352745738573
6.84e-06,-34986.20903458796,-374.3095527660582,-369.5903498269003
6.85e-06,-35120.98450639192,-376.23458054235385,-370.4261366955346
6.86e-06,-35253.188687981994,-378.13206229097506,-371.2429574153998
6.87e-06,-35382.8119066965,-380.00185918349183,-372.04112630473315
6.88e-06,-35509.84467870882,-381.84383441702454,-372.82094995872217
6.89e-06,-35634.2777097212,-383.6578532242533,-373.58272748906296
6.9e-06,-35756.10189564487,-385.4437828832779,-374.3267506477321
6.91e-06,-35875.30832326602,-387.2014927273289,-375.0533037176898
6.92e-06,-35991.88827089803,-388.93085415432694,-375.76266372375284
6.93e-06,-36105.83320901955,-390.6317406362924,-376.455100539185
6.94e-06,-36217.13480089851,-392.3040277286026,-377.1308770640927
6.95e-06,-36325.78490320224,-393.94759307909754,-377.79024951009546
6.96e-06,-36431.775566593016,-395.56231643702984,-378.4334672016782
6.97e-06,-36535.09903630985,-397.14807966186464,-379.0607727938829
6.98e-06,-36635.747752735915,-398.7047667319229,-379.6724023978422
6.99e-06,-36733.71435195144,-400.2322637528696,-380.26858568842425
7e-06,-36828.99166627265,-401.73045896604674,-380.8495459634324
7.01e-06,-36921.57272477612,-403.1992427566507,-381.4155003190222
7.02e-06,-37011.4507538088,-404.63850766175193,-381.96665975490004
7.03e-06,-37098.619177483655,-406.04814837815724,-382.50322927720265
7.04e-06,-37183.07161816073,-407.4280617701143,-383.0254080079065
7.05e-06,-37264.80189691378,-408.7781468768574,-383.53338913260836
7.06e-06,-37343.804033982386,-410.09830491999503,-384.02736011295804
7.07e-06,-37420.07224920941,-411.3884393107356,-384.5075028739152
7.08e-06,-37493.60096246392,-412.64845565695555,-384.97399384940053
7.09e-06,-37564.38479404946,-413.87826177010464,-385.42700408849765
7.1e-06,-37632.418565097694,-415.0777676719517,-385.8666992234308
7.11e-06,-37697.69729794722,-416.2468856011669,-386.29323949210084
7.12e-06,-37760.216216507826,-417.38553001974356,-386.70678012673886
7.13e-06,-37819.970746609935,-418.49361761925604,-387.1074713236925
7.14e-06,-37876.956516339225,-419.5710673269553,-387.4954583397638
7.15e-06,-37931.16935635656,-420.6178003117002,-387.8708815038971
7.16e-06,-37982.60530020297,-421.6337399897255,-388.23387601070823
7.17e-06,-38031.26058458992,-422.6188120302446,-388.5845724812636
7.18e-06,-38077.13164967461,-423.5729443608887,-388.92309691348424
7.19e-06,-38120.215139320426,-424.4960671729792,-389.2495707428503
7.2e-06,-38160.50790134253,-425.38811292663536,-389.56411090236867
7.21e-06,-38198.006987738416,-426.24901635571604,-389.8668295368688
7.22e-06,-38232.709654903716,-427.07871447259515,-390.1578344712962
7.23e-06,-38264.613363832796,-427.87714657276916,-390.4372292879566
7.24e-06,-38293.71578030461,-428.6442542392994,-390.7051133268521
7.25e-06,-38320.014775053474,-429.3799813470859,-390.9615817602397
7.26e-06,-38343.508423924846,-430.0842740669736,-391.20672535742204
7.27e-06,-38364.19500801606,-430.75708086969064,-391.4406306874663
7.28e-06,-38382.07301380217,-431.3983525296188,-391.6633804207171
7.29e-06,-38397.141133246616,-432.0080421283952,-391.87505324826395
7.3e-06,-38409.398263896976,-432.58610505834423,-392.07572394622434
7.31e-06,-38418.8435089656,-433.13249902574216,-392.265463263874
7.32e-06,-38425.47617739521,-433.64718405391096,-392.44433778834986
7.33e-06,-38429.29578390951,-434.13012248614365,-392.6124104831112
7.34e-06,-38430.30204904864,-434.5812789884591,-392.76974054336694
